;Chvatal;ICPL;IncLing;Random
model00001.xml to model00002.xml;0;0;0;0
model00002.xml to model00003.xml;0;0;0;0
model00003.xml to model00004.xml;0.007098912;0.007093317;0.004297994;0.033150065
model00004.xml to model00005.xml;0.504712535;0.487651445;0.380063723;0.086253828
model00005.xml to model00006.xml;0;0;0;0
model00006.xml to model00007.xml;0;0;0;0
model00007.xml to model00008.xml;0;0;0;0
model00008.xml to model00009.xml;0;0;0;0
model00009.xml to model00010.xml;0;0;0;0
