;IncLing;Random
model00001.xml to model00002.xml;0.9324524;0.87800888
model00002.xml to model00003.xml;0.917099239;0.845243907
model00003.xml to model00004.xml;0.917103235;0.842828727
