;Incling;random
model00001.xml to model00002.xml;0.532532445;0.464218106
model00002.xml to model00003.xml;0.905894146;0.829215517
model00003.xml to model00004.xml;0.913810047;0.839313627
